source1_id	candidate_id	score
test_s1_03	test_s2_03	0.79546
test_s1_04	test_s2_04	0.99232
test_s1_01	test_s3_01	0.97899
test_s1_01	test_s2_01	0.97040
test_s1_04	test_s3_04	0.97845
test_s1_06	test_s2_06	0.95404
test_s1_06	test_s3_06	0.79470
test_s1_07	test_s2_07	0.97563
test_s1_02	test_s3_02	0.97945
test_s1_08	test_s2_08	0.99831
test_s1_05	test_s3_05	0.99575
test_s1_02	test_s2_02	0.98429
test_s1_08	test_s3_08	0.98468
test_s1_09	test_s3_09	0.90387
test_s1_05	test_s2_05	0.94074
test_s1_09	test_s2_09	0.99201
test_s1_03	test_s3_03	0.96614
test_s1_07	test_s3_07	0.84785
